{"name":"d72e49eb-175a-425e-a1d2-aaca7747e4c5","id":"/providers/Microsoft.Flow/flows/d72e49eb-175a-425e-a1d2-aaca7747e4c5","type":"Microsoft.Flow/flows","properties":{"apiId":"/providers/Microsoft.PowerApps/apis/shared_logicflows","displayName":"AttachmentSaving","definition":{"metadata":{"workflowEntityId":null,"processAdvisorMetadata":null,"flowChargedByPaygo":null,"flowclientsuspensionreason":"None","flowclientsuspensiontime":null,"flowclientsuspensionreasondetails":null,"creator":{"id":"b0fc580c-dc24-4722-b610-46fc2531fee6","type":"User","tenantId":"3d34beb6-1a47-477d-9f82-5f3f48e0433f"},"provisioningMethod":"FromDefinition","failureAlertSubscription":true,"clientLastModifiedTime":"2025-08-15T18:05:58.5767055Z","connectionKeySavedTimeKey":"2025-08-15T18:05:58.5767055Z","creationSource":"Portal","modifiedSources":"Portal"},"$schema":"https://schema.management.azure.com/providers/Microsoft.Logic/schemas/2016-06-01/workflowdefinition.json#","contentVersion":"1.0.0.0","parameters":{"$authentication":{"defaultValue":{},"type":"SecureObject"},"$connections":{"defaultValue":{},"type":"Object"}},"triggers":{"When_a_new_email_arrives_(V3)":{"splitOn":"@triggerOutputs()?['body/value']","metadata":{"Id::AAMkADExODc5OWZlLTRmZjEtNDEwYy1hMTI2LTYyNGJlYzUxOThhYgAuAAAAAAA9eJAJS3ivRZZ4tzbqXYnOAQBV2cOp5V2vSLI2HLtSA89iAAAAAAEJAAA=":"Sent Items"},"type":"OpenApiConnectionNotification","inputs":{"parameters":{"subjectFilter":"BPMS TEST","fetchOnlyWithAttachment":true,"folderPath":"Id::AAMkADExODc5OWZlLTRmZjEtNDEwYy1hMTI2LTYyNGJlYzUxOThhYgAuAAAAAAA9eJAJS3ivRZZ4tzbqXYnOAQBV2cOp5V2vSLI2HLtSA89iAAAAAAEJAAA="},"host":{"apiId":"/providers/Microsoft.PowerApps/apis/shared_office365","connectionName":"shared_office365","operationId":"OnNewEmailV3"},"authentication":"@parameters('$authentication')"}}},"actions":{"Apply_to_each_Attachment":{"foreach":"@triggerOutputs()?['body/attachments']","actions":{"Save_Attachment_to_OneDrive":{"metadata":{"flowSystemMetadata":{"portalOperationIconOverride":"https://conn-afd-prod-endpoint-bmc9bqahasf3grgk.b01.azurefd.net/v1.0.1763/1.0.1763.4307/onedriveforbusiness/icon.png","portalOperationBrandColorOverride":"#0078D4","portalOperationId":"/providers/Microsoft.PowerApps/apis/shared_onedriveforbusiness/apiOperations/CreateFile"}},"type":"OpenApiConnection","inputs":{"parameters":{"folderPath":"/Test","name":"@item()?['name']","body":"@item()?['contentBytes']"},"host":{"apiId":"/providers/Microsoft.PowerApps/apis/shared_onedriveforbusiness","connectionName":"shared_onedriveforbusiness","operationId":"CreateFile"},"authentication":"@parameters('$authentication')"}}},"runAfter":{"For_each":["Succeeded"]},"type":"Foreach"},"For_each":{"foreach":"@triggerOutputs()?['body/attachments']","actions":{"Get_Attachment_(V2)":{"type":"OpenApiConnection","inputs":{"parameters":{"messageId":"@triggerOutputs()?['body/id']","attachmentId":"@item()?['id']","extractSensitivityLabel":"false","fetchSensitivityLabelMetadata":"false"},"host":{"apiId":"/providers/Microsoft.PowerApps/apis/shared_office365","connectionName":"shared_office365-1","operationId":"GetAttachment_V2"},"authentication":"@parameters('$authentication')"}}},"runAfter":{},"type":"Foreach"}},"outputs":{}},"connectionReferences":{"shared_office365":{"connectionName":"shared-office365-708e1842-4777-42a0-a442-90d2fc76b3f1","source":"Embedded","id":"/providers/Microsoft.PowerApps/apis/shared_office365","tier":"NotSpecified","apiName":"office365","isProcessSimpleApiReferenceConversionAlreadyDone":false},"shared_onedriveforbusiness":{"connectionName":"shared-onedriveforbu-16a9cd5a-3de2-4945-ac34-38ebd2a0bc63","source":"Embedded","id":"/providers/Microsoft.PowerApps/apis/shared_onedriveforbusiness","tier":"NotSpecified","apiName":"onedriveforbusiness","isProcessSimpleApiReferenceConversionAlreadyDone":false},"shared_office365-1":{"connectionName":"shared-office365-94721c2c-52b3-401a-b208-00972ee951b3","source":"Embedded","id":"/providers/Microsoft.PowerApps/apis/shared_office365","tier":"NotSpecified","apiName":"office365","isProcessSimpleApiReferenceConversionAlreadyDone":false}},"flowFailureAlertSubscribed":false,"isManaged":false}}